,Testimonial 1.jpeg,https://drive.google.com/file/d/1GdTxcrgZ1vOWgZTVRgkBn1Y4_zQvgjXJ/view?usp=drive_link
,Tesimonial .png,https://drive.google.com/file/d/1XS_6XKY4ElCw8xxgzK3xN04FnZ3cdZcc/view?usp=drive_link
,testimonial .jpeg,https://drive.google.com/file/d/1_Em_nZFMYyNrGEBsSe48Ar7i6ZsuNpBH/view?usp=sharing
,testimonial s.jpeg,https://drive.google.com/file/d/16kkfzPRrX-WMuPCVjvxXY8TVzzr9PNNG/view?usp=drive_link
,testimonial n.jpeg,https://drive.google.com/file/d/1CM5h-LN5MlV04IwDkMt21vbdfePYtZc9/view?usp=drive_link
,testimonial g.jpg,https://drive.google.com/file/d/1BhaHOwmvUrdL_D_l6AjPajPeADpFECUT/view?usp=drive_link
,testimonial ns.jpg,https://drive.google.com/file/d/1SAJTHR2Mm1spv8154mzQepQsmbgddM_P/view?usp=drive_link
,testimonial pc.jpg,https://drive.google.com/file/d/1xzpV7MhZ3dKW5BSc5czdBwULZyK-MVyq/view?usp=drive_link
,testimonial aj.jpg,https://drive.google.com/file/d/1ewaZ76c35_4pOw2iAq2ina47IPQfG0Kl/view?usp=drive_link
,testimonial sb.jpg,https://drive.google.com/file/d/1_5PQDh14pTDgsrUNSKQqFGm2g9QDtaH6/view?usp=sharing
,testimonial kv.jpg,https://drive.google.com/file/d/1BEdA9d1o57GJvGQ1rEtZHmtp7bEzheR3/view?usp=drive_link
,testimonial kt.jpg,https://drive.google.com/file/d/1jlErIpuCUH0Lwr6-YLyoOrewd2Nssc9T/view?usp=drive_link
,testimonial ob.jpg,https://drive.google.com/file/d/1I-6kASi5w1U9DsfnkSIjFlU1xg_SuTsW/view?usp=drive_link
,testimonial mn.jpg,https://drive.google.com/file/d/1wn8wUCmNP9PjJl30AWJKX4vA7e1ILXYg/view?usp=drive_link
,127278315_1029049094231292_8454024758341062061_n.jpg,https://drive.google.com/file/d/1JBr26LulJBtVEJD1VwNrMpMiiy67woeQ/view?usp=drive_link
,testimonial an.jpg,https://drive.google.com/file/d/1fKXE1DZpanxfPFt-1hmWIXFRs9MMW-7y/view?usp=drive_link
,testimonial nb.jpg,https://drive.google.com/file/d/1cAbgLF8GOSPbfnlhlFYdwtifbuP3WBAl/view?usp=drive_link
,testimonial rq.jpg,https://drive.google.com/file/d/1kaJV7rzeklu5Ebvb6pmR_EXyn4PvYiVM/view?usp=drive_link
,testimonial mehul.jpg,https://drive.google.com/file/d/1RCqiTOPKtLcYuUbjlllI1pu6jCjo9CWb/view?usp=drive_link
,testimonial sp.jpeg,https://drive.google.com/file/d/1c8tik4BulMOAxoWuy7eFOR8g67We-WID/view?usp=drive_link